company_id,name,normalized_name,industry,inn,primary_site,primary_email,data_quality_score,has_support_team,support_team_size,support_channels_count,has_24_7_support,support_vacancies,total_vacancies,data_sources,description,emails,last_updated,metadata,sites,source,sources,support_info
C0004,ВТБ,ВТБ,bank,7736212660,https://www.vtb.ru/personal/investicii/help/,,78,True,142,1,False,45,45,"enriched, jobs_detailed, jobs_simple",Отрасль: bank | Размер команды поддержки: 142 | Каналы поддержки: 1,[],2025-12-23T17:34:28.088742,"{'parsing_success': True, 'parsing_method': 'requests', 'data_source': 'company_site_improved', 'page_title': 'Ð\x91Ð°Ð½Ðº Ð\x92Ð¢Ð\x91 (Ð\x9fÐ\x90Ð\x9e) â\x9a¡â\x80\x94 Ð´ÐµÐ±ÐµÑ\x82Ð¾Ð²Ñ\x8bÐµ Ð¸ ÐºÑ\x80ÐµÐ´Ð¸Ñ\x82Ð½Ñ\x8bÐµ ÐºÐ°Ñ\x80Ñ\x82Ñ\x8b, Ð¸Ð¿Ð¾Ñ\x82ÐµÐºÐ°, ÐºÑ\x80ÐµÐ´Ð¸Ñ\x82Ñ\x8b, Ð²ÐºÐ»Ð°Ð´Ñ\x8b Ð´Ð»Ñ\x8f Ñ\x84Ð¸Ð·Ð¸Ñ\x87ÐµÑ\x81ÐºÐ¸Ñ\x85 Ð¸ Ñ\x8eÑ\x80Ð¸Ð´Ð¸Ñ\x87ÐµÑ\x81ÐºÐ¸Ñ\x85 Ð»Ð¸Ñ\x86 Ð¿Ð¾ Ð²Ñ\x81ÐµÐ¹ Ð\xa0Ð¾Ñ\x81Ñ\x81Ð¸Ð¸', 'analysis_success': True}","['https://www.vtb.ru/personal/investicii/help/', 'https://www.vtb.ru/', 'https://www.vtb.ru', 'https://hh.ru/employer/4181']",seed,"['enriched', 'jobs_detailed', 'jobs_simple']","{'team_size': 142, 'channels': {'email': False, 'contact_form': False, 'online_chat': False, 'messengers': False, 'support_section': True, 'kb_faq': False, '24_7': False}, 'evidence': 'site', 'evidence_url': 'https://www.vtb.ru/', 'support_vacancies': 45, 'vacancy_details': ""[{'name': 'Стажер IT Юниор - Прикладной администратор', 'url': 'https://hh.ru/vacancy/128952463', 'schedule': 'Полный день', 'estimated_size': 1}, {'name': 'Менеджер по работе с клиентами банка', 'url': 'https://hh.ru/vacancy/128565001', 'schedule': 'Полный день', 'estimated_size': 3}, {'name': 'Стажер аналитик данных в Управление инфраструктуры налично-денежного обращения, ВТБ Юниор', 'url': 'https://hh.ru/vacancy/128960301', 'schedule': 'Полный день', 'estimated_size': 1}, {'name': 'Стажер ВТБ Юниор в Обучение и развитие', 'url': 'https://hh.ru/vacancy/128922873', 'schedule': 'Полный день', 'estimated_size': 1}, {'name': 'Специалист клиентской поддержки', 'url': 'https://hh.ru/vacancy/111281532', 'schedule': 'Сменный график', 'estimated_size': 4}]"", 'total_vacancies': 45}"
C0013,Яндекс.Маркет,ЯНДЕКСМАРКЕТ,retail,7736207543,https://market.yandex.ru,,78,True,10,1,False,5,5,"enriched, jobs_detailed, jobs_simple",Отрасль: retail | Размер команды поддержки: 10 | Каналы поддержки: 1,[],2025-12-23T17:34:28.089739,"{'parsing_success': True, 'parsing_method': 'selenium', 'data_source': 'company_site_improved', 'page_title': 'Яндекс Маркет — покупки с быстрой доставкой', 'analysis_success': True}","['https://market.yandex.ru', 'https://market.yandex.ru/', 'https://hh.ru/employer/1740']",seed,"['enriched', 'jobs_detailed', 'jobs_simple']","{'team_size': 10, 'channels': {'email': False, 'contact_form': False, 'online_chat': True, 'messengers': False, 'support_section': False, 'kb_faq': False, '24_7': False}, 'evidence': 'site', 'evidence_url': 'https://market.yandex.ru/', 'chat_vendor': 'unknown', 'support_vacancies': 5, 'vacancy_details': ""[{'name': 'Специалист чат-поддержки Авто.ру', 'url': 'https://hh.ru/vacancy/128828867', 'schedule': 'Удаленная работа', 'estimated_size': 1}, {'name': 'Специалист по верификации партнёров', 'url': 'https://hh.ru/vacancy/128258879', 'schedule': 'Удаленная работа', 'estimated_size': 1}, {'name': 'Модератор (сервис Авто.ру)', 'url': 'https://hh.ru/vacancy/128052890', 'schedule': 'Удаленная работа', 'estimated_size': 1}, {'name': 'Специалист письменной поддержки Яндекс Аренда', 'url': 'https://hh.ru/vacancy/128624203', 'schedule': 'Удаленная работа', 'estimated_size': 1}, {'name': 'Менеджер маркетинговых проектов в Маркет', 'url': 'https://hh.ru/vacancy/128664811', 'schedule': 'Полный день', 'estimated_size': 3}]"", 'total_vacancies': 5}"
C0015,М.Видео,МВИДЕО,retail,НЕ_НАЙДЕН,https://www.mvideo.ru,,78,True,43,1,False,23,23,"enriched, jobs_detailed, jobs_simple",Отрасль: retail | Размер команды поддержки: 43 | Каналы поддержки: 1,[],2025-12-23T17:34:28.089739,"{'parsing_success': True, 'parsing_method': 'selenium', 'data_source': 'company_site_improved', 'page_title': 'М.Видео - интернет-магазин цифровой и бытовой техники и электроники', 'analysis_success': True}","['https://www.mvideo.ru', 'https://www.mvideo.ru/', 'https://hh.ru/employer/2523', 'https://www.mvideo.ru/contacts?from=footer']",seed,"['enriched', 'jobs_detailed', 'jobs_simple']","{'team_size': 43, 'channels': {'email': False, 'contact_form': False, 'online_chat': False, 'messengers': False, 'support_section': True, 'kb_faq': False, '24_7': False}, 'evidence': 'site', 'evidence_url': 'https://www.mvideo.ru/', 'support_vacancies': 23, 'vacancy_details': ""[{'name': 'Product Manager', 'url': 'https://hh.ru/vacancy/128920696', 'schedule': 'Полный день', 'estimated_size': 1}, {'name': 'Оператор ПК', 'url': 'https://hh.ru/vacancy/128963488', 'schedule': 'Сменный график', 'estimated_size': 4}, {'name': 'Оператор ПК', 'url': 'https://hh.ru/vacancy/128861026', 'schedule': 'Полный день', 'estimated_size': 1}, {'name': 'Ведущий системный администратор Linux', 'url': 'https://hh.ru/vacancy/128956513', 'schedule': 'Удаленная работа', 'estimated_size': 1}, {'name': 'Android-разработчик', 'url': 'https://hh.ru/vacancy/128831781', 'schedule': 'Удаленная работа', 'estimated_size': 1}]"", 'total_vacancies': 23}"
C0046,Роснефть,РОСНЕФТЬ,energy,НЕ_НАЙДЕН,https://www.rosneft.ru/,,78,True,1,1,False,1,1,"enriched, jobs_detailed, jobs_simple",Отрасль: energy | Размер команды поддержки: 1 | Каналы поддержки: 1,[],2025-12-23T17:34:28.094742,"{'parsing_success': True, 'parsing_method': 'requests', 'data_source': 'company_site_improved', 'page_title': 'Ð\xa0Ð\x9eÐ¡Ð\x9dÐ\x95Ð¤Ð¢Ð¬', 'analysis_success': True}","['https://www.rosneft.ru/', 'https://hh.ru/employer/1490605', 'https://www.rosneft.ru/about/contacts/contact_centre/', 'https://www.rosneft.ru']",seed,"['enriched', 'jobs_detailed', 'jobs_simple']","{'team_size': 1, 'channels': {'email': False, 'contact_form': False, 'online_chat': False, 'messengers': False, 'support_section': True, 'kb_faq': False, '24_7': False}, 'evidence': 'site', 'evidence_url': 'https://www.rosneft.ru/', 'support_vacancies': 1, 'vacancy_details': ""[{'name': 'Кассир торгового зала АЗК', 'url': 'https://hh.ru/vacancy/128851084', 'schedule': 'Гибкий график', 'estimated_size': 1}]"", 'total_vacancies': 1}"
C0012,OZON,OZON,retail,1027739244741,https://www.ozon.ru/complaint/support/?incident_id=fab_chlg_20251223113539_01KD5FWMEXD7SMPCK8MRE5JRPE&platform=web&token=1.S0SO2XcS3KvIkzPA-aj6ZcRxFvO9jUY8y7AsUL3sMJDfKwwZjMU3t8SPJ8-7acf-_lXjgJ4T31k70rtq5uuz-3lIMB4EBW5TEjmcLdttBgiZ5xUDao4_UeBCJtXdsQUafpKNPL7UDLf_Rp61P92ToLhwu0oJAXtmZR4Sm9o4BptJtJHQG_5OnRSyTrn5FIQ9uop4eLUn5mjVqSvg5n3W1nivNFREBlHRwUswSl0eU4v_IIiv4TUbituO8L_TfKzKdBhHrL35M6-gsqfCxZGqwdFsMUipUQA-Wx1qzEISUK2xgAfEKJaph_sMQWo70QMpvYXlzMDYLBWaz4zIeXSY7pxb4Q&back_url=/,,78,True,23,1,False,16,16,"enriched, jobs_detailed, jobs_simple",Отрасль: retail | Размер команды поддержки: 23 | Каналы поддержки: 1,[],2025-12-23T17:34:28.089739,"{'parsing_success': True, 'parsing_method': 'selenium', 'data_source': 'company_site_improved', 'page_title': 'Доступ ограничен', 'analysis_success': True}","['https://www.ozon.ru/complaint/support/?incident_id=fab_chlg_20251223113539_01KD5FWMEXD7SMPCK8MRE5JRPE&platform=web&token=1.S0SO2XcS3KvIkzPA-aj6ZcRxFvO9jUY8y7AsUL3sMJDfKwwZjMU3t8SPJ8-7acf-_lXjgJ4T31k70rtq5uuz-3lIMB4EBW5TEjmcLdttBgiZ5xUDao4_UeBCJtXdsQUafpKNPL7UDLf_Rp61P92ToLhwu0oJAXtmZR4Sm9o4BptJtJHQG_5OnRSyTrn5FIQ9uop4eLUn5mjVqSvg5n3W1nivNFREBlHRwUswSl0eU4v_IIiv4TUbituO8L_TfKzKdBhHrL35M6-gsqfCxZGqwdFsMUipUQA-Wx1qzEISUK2xgAfEKJaph_sMQWo70QMpvYXlzMDYLBWaz4zIeXSY7pxb4Q&back_url=/', 'https://hh.ru/employer/2180', 'https://www.ozon.ru/?__rr=1', 'https://www.ozon.ru']",seed,"['enriched', 'jobs_detailed', 'jobs_simple']","{'team_size': 23, 'channels': {'email': False, 'contact_form': False, 'online_chat': False, 'messengers': False, 'support_section': True, 'kb_faq': False, '24_7': False}, 'evidence': 'site', 'evidence_url': 'https://www.ozon.ru/?__rr=1', 'support_vacancies': 16, 'vacancy_details': ""[{'name': 'Специалист службы поддержки клиентов (Ozon Travel)', 'url': 'https://hh.ru/vacancy/126876121', 'schedule': 'Удаленная работа', 'estimated_size': 1}, {'name': 'Сценарист чат-бота', 'url': 'https://hh.ru/vacancy/128749099', 'schedule': 'Удаленная работа', 'estimated_size': 1}, {'name': 'Банковский представитель OZON Банка', 'url': 'https://hh.ru/vacancy/128917992', 'schedule': 'Полный день', 'estimated_size': 1}, {'name': 'Бизнес-партнер по работе с персоналом (HR BP)', 'url': 'https://hh.ru/vacancy/128015090', 'schedule': 'Полный день', 'estimated_size': 1}, {'name': 'Младший специалист поддержки информационных систем, Внутренние сервисы', 'url': 'https://hh.ru/vacancy/128904791', 'schedule': 'Удаленная работа', 'estimated_size': 1}]"", 'total_vacancies': 16}"
C0001,Сбербанк,СБЕРБАНК,bank,7707083893,https://www.sberbank.ru/,,75,True,124,0,False,34,34,"enriched, jobs_detailed, jobs_simple",Отрасль: bank | Размер команды поддержки: 124,[],2025-12-23T17:34:28.087741,"{'parsing_success': True, 'parsing_method': 'requests', 'data_source': 'company_site_improved', 'analysis_success': True}","['https://www.sberbank.ru/', 'https://www.sberbank.ru', 'https://hh.ru/employer/3529']",seed,"['enriched', 'jobs_detailed', 'jobs_simple']","{'team_size': 124, 'channels': {'email': False, 'contact_form': False, 'online_chat': False, 'messengers': False, 'support_section': False, 'kb_faq': False, '24_7': False}, 'evidence': 'site', 'evidence_url': 'https://www.sberbank.ru/', 'support_vacancies': 34, 'vacancy_details': ""[{'name': 'Оператор Сбер', 'url': 'https://hh.ru/vacancy/127502775', 'schedule': 'Удаленная работа', 'estimated_size': 1}, {'name': 'Middle Java разработчик', 'url': 'https://hh.ru/vacancy/128977448', 'schedule': 'Полный день', 'estimated_size': 1}, {'name': 'Support Engineer', 'url': 'https://hh.ru/vacancy/128975243', 'schedule': 'Полный день', 'estimated_size': 1}, {'name': 'Менеджер платежных сервисов', 'url': 'https://hh.ru/vacancy/127832797', 'schedule': 'Полный день', 'estimated_size': 3}, {'name': 'Клиентский менеджер', 'url': 'https://hh.ru/vacancy/125264120', 'schedule': 'Удаленная работа', 'estimated_size': 3}]"", 'total_vacancies': 34}"
C0003,Альфа-Банк,АЛЬФА-БАНК,bank,7728168971,https://hh.ru/employer/80,,75,True,14,0,False,7,7,"enriched, jobs_detailed, jobs_simple",Отрасль: bank | Размер команды поддержки: 14,[],2025-12-23T17:34:28.088742,"{'parsing_success': True, 'parsing_method': 'selenium', 'data_source': 'company_site_improved', 'analysis_success': True}","['https://hh.ru/employer/80', 'https://alfabank.ru', 'https://alfabank.ru/']",seed,"['enriched', 'jobs_detailed', 'jobs_simple']","{'team_size': 14, 'channels': {'email': False, 'contact_form': False, 'online_chat': False, 'messengers': False, 'support_section': False, 'kb_faq': False, '24_7': False}, 'evidence': 'site', 'evidence_url': 'https://alfabank.ru/', 'support_vacancies': 7, 'vacancy_details': ""[{'name': 'Специалист поддержки клиентов в г. Воронеж,5/2', 'url': 'https://hh.ru/vacancy/128955803', 'schedule': 'Полный день', 'estimated_size': 1}, {'name': 'Менеджер развития клиентских отношений', 'url': 'https://hh.ru/vacancy/128942357', 'schedule': 'Полный день', 'estimated_size': 3}, {'name': 'DevOps специалист', 'url': 'https://hh.ru/vacancy/128913320', 'schedule': 'Полный день', 'estimated_size': 1}, {'name': 'Менеджер оперативной поддержки', 'url': 'https://hh.ru/vacancy/127845013', 'schedule': 'Полный день', 'estimated_size': 3}, {'name': 'Специалист дистанционной поддержки клиентов', 'url': 'https://hh.ru/vacancy/128936453', 'schedule': 'Полный день', 'estimated_size': 1}]"", 'total_vacancies': 7}"
C0008,МегаФон,МЕГАФОН,telecom,7812014560,https://bashkortostan.megafon.ru/help/lk/?from=mf_b2c_menu,,75,False,0,4,False,0,0,"enriched, jobs_detailed, jobs_simple",Отрасль: telecom | Каналы поддержки: 4,[],2025-12-23T17:34:28.088742,"{'parsing_success': True, 'parsing_method': 'requests', 'data_source': 'company_site_improved', 'page_title': 'Официальный сайт МегаФона, Республика Башкортостан | Ведущий мобильный оператор России', 'analysis_success': True}","['https://bashkortostan.megafon.ru/help/lk/?from=mf_b2c_menu', 'https://megafon.ru', 'https://bashkortostan.megafon.ru/', 'https://hh.ru/employer/3127', 'https://bashkortostan.megafon.ru/help/faq/']",seed,"['enriched', 'jobs_detailed', 'jobs_simple']","{'team_size': 0, 'channels': {'email': False, 'contact_form': True, 'online_chat': True, 'messengers': False, 'support_section': True, 'kb_faq': True, '24_7': False}, 'evidence': 'site', 'evidence_url': 'https://bashkortostan.megafon.ru/', 'chat_vendor': 'unknown', 'support_vacancies': 0, 'vacancy_details': '[]', 'total_vacancies': 0}"
C0017,DNS,DNS,retail,НЕ_НАЙДЕН,https://hh.ru/employer/5920492,,75,True,2,0,False,2,2,"enriched, jobs_detailed, jobs_simple",Отрасль: retail | Размер команды поддержки: 2,[],2025-12-23T17:34:28.090739,"{'parsing_success': True, 'parsing_method': 'selenium', 'data_source': 'company_site_improved', 'page_title': 'HTTP 403', 'analysis_success': True}","['https://hh.ru/employer/5920492', 'https://www.dns-shop.ru', 'https://www.dns-shop.ru/']",seed,"['enriched', 'jobs_detailed', 'jobs_simple']","{'team_size': 2, 'channels': {'email': False, 'contact_form': False, 'online_chat': False, 'messengers': False, 'support_section': False, 'kb_faq': False, '24_7': False}, 'evidence': 'site', 'evidence_url': 'https://www.dns-shop.ru/', 'support_vacancies': 2, 'vacancy_details': ""[{'name': 'Оператор проектного отдела', 'url': 'https://hh.ru/vacancy/128598048', 'schedule': 'Полный день', 'estimated_size': 1}, {'name': 'Специалист бизнес - процессов', 'url': 'https://hh.ru/vacancy/128847259', 'schedule': 'Полный день', 'estimated_size': 1}]"", 'total_vacancies': 2}"
C0021,Яндекс,ЯНДЕКС,it,7736207543,https://yandex.ru,,75,True,10,0,False,5,5,"enriched, jobs_detailed, jobs_simple",Отрасль: it | Размер команды поддержки: 10,[],2025-12-23T17:34:28.090739,"{'parsing_success': True, 'parsing_method': 'requests', 'data_source': 'company_site_improved', 'analysis_success': True}","['https://yandex.ru', 'https://sso.passport.yandex.ru/push?uuid=3042a139-36dd-4e19-b002-76320af58c62&retpath=https%3A%2F%2Fdzen.ru%2F%3Fyredirect%3Dtrue%26is_autologin_ya%3Dtrue', 'https://hh.ru/employer/1740']",seed,"['enriched', 'jobs_detailed', 'jobs_simple']","{'team_size': 10, 'channels': {'email': False, 'contact_form': False, 'online_chat': False, 'messengers': False, 'support_section': False, 'kb_faq': False, '24_7': False}, 'evidence': 'site', 'evidence_url': 'https://sso.passport.yandex.ru/push?uuid=3042a139-36dd-4e19-b002-76320af58c62&retpath=https%3A%2F%2Fdzen.ru%2F%3Fyredirect%3Dtrue%26is_autologin_ya%3Dtrue', 'support_vacancies': 5, 'vacancy_details': ""[{'name': 'Специалист чат-поддержки Авто.ру', 'url': 'https://hh.ru/vacancy/128828867', 'schedule': 'Удаленная работа', 'estimated_size': 1}, {'name': 'Специалист по верификации партнёров', 'url': 'https://hh.ru/vacancy/128258879', 'schedule': 'Удаленная работа', 'estimated_size': 1}, {'name': 'Модератор (сервис Авто.ру)', 'url': 'https://hh.ru/vacancy/128052890', 'schedule': 'Удаленная работа', 'estimated_size': 1}, {'name': 'Специалист письменной поддержки Яндекс Аренда', 'url': 'https://hh.ru/vacancy/128624203', 'schedule': 'Удаленная работа', 'estimated_size': 1}, {'name': 'Менеджер маркетинговых проектов в Маркет', 'url': 'https://hh.ru/vacancy/128664811', 'schedule': 'Полный день', 'estimated_size': 3}]"", 'total_vacancies': 5}"
C0032,АльфаСтрахование,АЛЬФАСТРАХОВАНИЕ,insurance,НЕ_НАЙДЕН,https://hh.ru/employer/370,,75,True,62,0,False,27,27,"enriched, jobs_detailed, jobs_simple",Отрасль: insurance | Размер команды поддержки: 62,[],2025-12-23T17:34:28.091739,"{'parsing_success': True, 'parsing_method': 'selenium', 'data_source': 'company_site_improved', 'page_title': 'HTTP 403', 'analysis_success': True}","['https://hh.ru/employer/370', 'https://alfastrah.ru', 'https://alfastrah.ru/']",seed,"['enriched', 'jobs_detailed', 'jobs_simple']","{'team_size': 62, 'channels': {'email': False, 'contact_form': False, 'online_chat': False, 'messengers': False, 'support_section': False, 'kb_faq': False, '24_7': False}, 'evidence': 'site', 'evidence_url': 'https://alfastrah.ru/', 'support_vacancies': 27, 'vacancy_details': ""[{'name': 'Специалист чат-поддержки клиентов', 'url': 'https://hh.ru/vacancy/128553986', 'schedule': 'Удаленная работа', 'estimated_size': 1}, {'name': 'Ведущий специалист по работе с партнерами (ипотека)', 'url': 'https://hh.ru/vacancy/128912719', 'schedule': 'Полный день', 'estimated_size': 1}, {'name': 'Системный инженер', 'url': 'https://hh.ru/vacancy/128266339', 'schedule': 'Полный день', 'estimated_size': 1}, {'name': 'Эксперт урегулирования убытков', 'url': 'https://hh.ru/vacancy/128769070', 'schedule': 'Полный день', 'estimated_size': 1}, {'name': 'Специалист по страхованию (входящий поток, без поиска клиентов)', 'url': 'https://hh.ru/vacancy/128233386', 'schedule': 'Полный день', 'estimated_size': 1}]"", 'total_vacancies': 27}"
C0040,Деловые Линии,ДЕЛОВЫЕ ЛИНИИ,logistics,3443011960,https://hh.ru/employer/29413,,75,True,3,0,False,1,1,"enriched, jobs_detailed, jobs_simple",Отрасль: logistics | Размер команды поддержки: 3,[],2025-12-23T17:34:28.093746,"{'parsing_success': True, 'parsing_method': 'selenium', 'data_source': 'company_site_improved', 'page_title': 'Доступ к ресурсу ограничен', 'analysis_success': True}","['https://hh.ru/employer/29413', 'https://www.dellin.ru', 'https://www.dellin.ru/']",seed,"['enriched', 'jobs_detailed', 'jobs_simple']","{'team_size': 3, 'channels': {'email': False, 'contact_form': False, 'online_chat': False, 'messengers': False, 'support_section': False, 'kb_faq': False, '24_7': False}, 'evidence': 'site', 'evidence_url': 'https://www.dellin.ru/', 'support_vacancies': 1, 'vacancy_details': ""[{'name': 'Менеджер по работе с клиентами', 'url': 'https://hh.ru/vacancy/128917239', 'schedule': 'Полный день', 'estimated_size': 3}]"", 'total_vacancies': 1}"
C0048,Татнефть,ТАТНЕФТЬ,energy,НЕ_НАЙДЕН,https://hh.ru/employer/575665,,75,True,31,0,False,12,12,"enriched, jobs_detailed, jobs_simple",Отрасль: energy | Размер команды поддержки: 31,[],2025-12-23T17:34:28.095740,"{'parsing_success': True, 'parsing_method': 'requests', 'data_source': 'company_site_improved', 'page_title': 'Главная страница', 'analysis_success': True}","['https://hh.ru/employer/575665', 'https://www.tatneft.ru', 'https://www.tatneft.ru/']",seed,"['enriched', 'jobs_detailed', 'jobs_simple']","{'team_size': 31, 'channels': {'email': False, 'contact_form': False, 'online_chat': False, 'messengers': False, 'support_section': False, 'kb_faq': False, '24_7': False}, 'evidence': 'site', 'evidence_url': 'https://www.tatneft.ru/', 'support_vacancies': 12, 'vacancy_details': ""[{'name': 'Специалист 2 категории по администрированию проектов', 'url': 'https://hh.ru/vacancy/128779402', 'schedule': 'Полный день', 'estimated_size': 1}, {'name': 'Оператор пульта управления', 'url': 'https://hh.ru/vacancy/128679078', 'schedule': 'Сменный график', 'estimated_size': 4}, {'name': 'Оператор по добыче нефти и газа', 'url': 'https://hh.ru/vacancy/128298796', 'schedule': 'Полный день', 'estimated_size': 1}, {'name': 'Оператор по подземному ремонту скважин (Лениногорский р-он)', 'url': 'https://hh.ru/vacancy/128480477', 'schedule': 'Вахтовый метод', 'estimated_size': 1}, {'name': 'Оператор по химической обработке скважин', 'url': 'https://hh.ru/vacancy/128709920', 'schedule': 'Сменный график', 'estimated_size': 4}]"", 'total_vacancies': 12}"
C0049,Яндекс.Такси,ЯНДЕКСТАКСИ,service,7704340310,https://taxi.yandex.ru/,,75,True,10,0,False,5,5,"enriched, jobs_detailed, jobs_simple",Отрасль: service | Размер команды поддержки: 10,[],2025-12-23T17:34:28.095740,"{'parsing_success': True, 'parsing_method': 'selenium', 'data_source': 'company_site_improved', 'page_title': 'Яндекс Go — заказ поездок онлайн', 'analysis_success': True}","['https://taxi.yandex.ru/', 'https://taxi.yandex.ru', 'https://hh.ru/employer/1740']",seed,"['enriched', 'jobs_detailed', 'jobs_simple']","{'team_size': 10, 'channels': {'email': False, 'contact_form': False, 'online_chat': False, 'messengers': False, 'support_section': False, 'kb_faq': False, '24_7': False}, 'evidence': 'site', 'evidence_url': 'https://taxi.yandex.ru/', 'support_vacancies': 5, 'vacancy_details': ""[{'name': 'Специалист чат-поддержки Авто.ру', 'url': 'https://hh.ru/vacancy/128828867', 'schedule': 'Удаленная работа', 'estimated_size': 1}, {'name': 'Специалист по верификации партнёров', 'url': 'https://hh.ru/vacancy/128258879', 'schedule': 'Удаленная работа', 'estimated_size': 1}, {'name': 'Модератор (сервис Авто.ру)', 'url': 'https://hh.ru/vacancy/128052890', 'schedule': 'Удаленная работа', 'estimated_size': 1}, {'name': 'Специалист письменной поддержки Яндекс Аренда', 'url': 'https://hh.ru/vacancy/128624203', 'schedule': 'Удаленная работа', 'estimated_size': 1}, {'name': 'Менеджер маркетинговых проектов в Маркет', 'url': 'https://hh.ru/vacancy/128664811', 'schedule': 'Полный день', 'estimated_size': 3}]"", 'total_vacancies': 5}"
C0035,S7 Airlines,S7 AIRLINES,airline,5408025106,https://www.s7.ru,,74,False,0,3,False,0,0,"enriched, jobs_detailed",Отрасль: airline | Каналы поддержки: 3,[],2025-12-23T17:34:28.083738,"{'parsing_success': True, 'parsing_method': 'selenium', 'data_source': 'company_site_improved', 'page_title': 'Купить авиабилеты на рейсы S7 Airlines онлайн', 'analysis_success': False}","['https://www.s7.ru', 'https://www.s7.ru/about/contactus/?code=Feedbacksubjects7priority', 'https://www.s7.ru/']",seed,"['enriched', 'jobs_detailed']","{'team_size': 0, 'channels': {'email': False, 'contact_form': True, 'online_chat': True, 'messengers': False, 'support_section': True, 'kb_faq': False, '24_7': False}, 'evidence': 'site', 'evidence_url': 'https://www.s7.ru/', 'chat_vendor': 'unknown', 'support_vacancies': 0, 'vacancy_details': '[]'}"
C0038,Россия,РОССИЯ,airline,НЕ_НАЙДЕН,https://www.rossiya-airlines.ru/about/contacts/feedback/,,74,False,0,3,False,0,0,"enriched, jobs_detailed",Отрасль: airline | Каналы поддержки: 3,[],2025-12-23T17:34:28.083738,"{'parsing_success': True, 'parsing_method': 'selenium', 'data_source': 'company_site_improved', 'page_title': 'Авиакомпания ""Россия""', 'analysis_success': False}","['https://www.rossiya-airlines.ru/about/contacts/feedback/', 'https://www.rossiya-airlines.ru/', 'https://rossiya-airlines.com', 'https://www.rossiya-airlines.ru/flight-with-us/on-board/faq/']",seed,"['enriched', 'jobs_detailed']","{'team_size': 0, 'channels': {'email': False, 'contact_form': True, 'online_chat': False, 'messengers': False, 'support_section': True, 'kb_faq': True, '24_7': False}, 'evidence': 'site', 'evidence_url': 'https://www.rossiya-airlines.ru/', 'support_vacancies': 0, 'vacancy_details': '[]'}"
C0039,РЖД,РЖД,transport,7708503727,https://www.rzd.ru/,,74,False,0,3,False,0,0,"enriched, jobs_detailed, jobs_simple",Отрасль: transport | Каналы поддержки: 3,[],2025-12-23T17:34:28.093746,"{'parsing_success': True, 'parsing_method': 'selenium', 'data_source': 'company_site_improved', 'page_title': 'Пассажирам', 'analysis_success': True}","['https://www.rzd.ru/', 'https://www.rzd.ru', 'https://www.rzd.ru/ru/11435', 'https://contacts.rzd.ru', 'https://hh.ru/employer/789521']",seed,"['enriched', 'jobs_detailed', 'jobs_simple']","{'team_size': 0, 'channels': {'email': False, 'contact_form': True, 'online_chat': False, 'messengers': False, 'support_section': True, 'kb_faq': True, '24_7': False}, 'evidence': 'site', 'evidence_url': 'https://www.rzd.ru/', 'support_vacancies': 0, 'vacancy_details': '[]', 'total_vacancies': 0}"
C0030,Ренессанс Страхование,РЕНЕССАНС СТРАХОВАНИЕ,insurance,7736019967,https://www.renins.com,,74,False,0,3,False,0,0,"enriched, jobs_detailed",Отрасль: insurance | Каналы поддержки: 3,[],2025-12-23T17:34:28.082739,"{'parsing_success': True, 'parsing_method': 'selenium', 'data_source': 'company_site_improved', 'page_title': 'Ренессанс страхование - универсальная страховая компания - renins.ru', 'analysis_success': False}","['https://www.renins.com', 'https://www.renins.ru/', 'https://www.renins.ru/invest/contact/']",seed,"['enriched', 'jobs_detailed']","{'team_size': 0, 'channels': {'email': False, 'contact_form': True, 'online_chat': True, 'messengers': False, 'support_section': True, 'kb_faq': False, '24_7': False}, 'evidence': 'site', 'evidence_url': 'https://www.renins.ru/', 'chat_vendor': 'unknown', 'support_vacancies': 0, 'vacancy_details': '[]'}"
C0009,Tele2,TELE2,telecom,5029223278,https://msk.t2.ru/journal/category/instructions,,74,False,0,3,False,0,0,"enriched, jobs_detailed",Отрасль: telecom | Каналы поддержки: 3,[],2025-12-23T17:34:28.077739,"{'parsing_success': True, 'parsing_method': 'selenium', 'data_source': 'company_site_improved', 'page_title': 'Оператор сотовой связи T2 - выгодная мобильная связь и интернет Москва и область', 'analysis_success': False}","['https://msk.t2.ru/journal/category/instructions', 'https://msk.t2.ru/help', 'https://tele2.ru', 'https://msk.t2.ru/?pageParams=askForRegion%3Dtrue']",seed,"['enriched', 'jobs_detailed']","{'team_size': 0, 'channels': {'email': False, 'contact_form': False, 'online_chat': True, 'messengers': False, 'support_section': True, 'kb_faq': True, '24_7': False}, 'evidence': 'site', 'evidence_url': 'https://msk.t2.ru/?pageParams=askForRegion%3Dtrue', 'chat_vendor': 'online-chat', 'support_vacancies': 0, 'vacancy_details': '[]'}"
C0006,МТС,МТС,telecom,7740000076,https://mts.ru,,71,False,0,2,False,0,0,"enriched, jobs_detailed, jobs_simple",Отрасль: telecom | Каналы поддержки: 2,[],2025-12-23T17:34:28.088742,"{'parsing_success': True, 'parsing_method': 'requests', 'data_source': 'company_site_improved', 'page_title': 'МТС - связь и экосистема цифровых сервисов - Частным клиентам | Официальный сайт МТС - Уфа и Республика Башкортостан', 'analysis_success': True}","['https://mts.ru', 'https://hh.ru/employer/1535255', 'https://bashkortostan.mts.ru:443/personal', 'https://support.mts.ru/?utm_source=inhouse&utm_medium=mts_ru&utm_campaign=support&utm_content=main_footer&utm_term=link_tap']",seed,"['enriched', 'jobs_detailed', 'jobs_simple']","{'team_size': 0, 'channels': {'email': False, 'contact_form': False, 'online_chat': True, 'messengers': False, 'support_section': True, 'kb_faq': False, '24_7': False}, 'evidence': 'site', 'evidence_url': 'https://bashkortostan.mts.ru:443/personal', 'chat_vendor': 'unknown', 'support_vacancies': 0, 'vacancy_details': '[]', 'total_vacancies': 0}"
C0007,Билайн,БИЛАЙН,telecom,7713076301,https://ufa.beeline.ru/customers/products/,,71,False,0,2,False,0,0,"enriched, jobs_detailed",Отрасль: telecom | Каналы поддержки: 2,[],2025-12-23T17:34:28.077739,"{'parsing_success': True, 'parsing_method': 'requests', 'data_source': 'company_site_improved', 'page_title': 'билайн Уфа — официальный сайт оператора: тарифы на мобильную связь и интернет, услуги, акции, выбор и заказ SIM-карт и eSIM.', 'analysis_success': False}","['https://ufa.beeline.ru/customers/products/', 'https://ufa.beeline.ru/customers/support/', 'https://beeline.ru']",seed,"['enriched', 'jobs_detailed']","{'team_size': 0, 'channels': {'email': False, 'contact_form': False, 'online_chat': True, 'messengers': False, 'support_section': True, 'kb_faq': False, '24_7': False}, 'evidence': 'site', 'evidence_url': 'https://ufa.beeline.ru/customers/products/', 'chat_vendor': 'unknown', 'support_vacancies': 0, 'vacancy_details': '[]'}"
C0014,СИТИЛИНК,СИТИЛИНК,retail,НЕ_НАЙДЕН,https://www.citilink.ru,,71,False,0,2,False,0,0,"enriched, jobs_detailed",Отрасль: retail | Каналы поддержки: 2,[],2025-12-23T17:34:28.078742,"{'parsing_success': True, 'parsing_method': 'selenium', 'data_source': 'company_site_improved', 'page_title': 'Ситилинк – интернет-магазин техники, электроники, товаров для дома и ремонта', 'analysis_success': False}","['https://www.citilink.ru', 'https://www.citilink.ru/']",seed,"['enriched', 'jobs_detailed']","{'team_size': 0, 'channels': {'email': False, 'contact_form': True, 'online_chat': True, 'messengers': False, 'support_section': False, 'kb_faq': False, '24_7': False}, 'evidence': 'site', 'evidence_url': 'https://www.citilink.ru/', 'chat_vendor': 'unknown', 'support_vacancies': 0, 'vacancy_details': '[]'}"
C0025,Авито,АВИТО,it,7724458880,https://support.avito.ru,,71,False,0,2,False,0,0,"enriched, jobs_detailed",Отрасль: it | Каналы поддержки: 2,[],2025-12-23T17:34:28.080740,"{'parsing_success': True, 'parsing_method': 'requests', 'data_source': 'company_site_improved', 'page_title': 'Авито — Объявления на сайте Авито', 'analysis_success': False}","['https://support.avito.ru', 'https://www.avito.ru', 'https://m.avito.ru/all/predlozheniya_uslug/krasota-ASgBAgICAUSYC6qfAQ?context=H4sIAAAAAAAA_0q0MrSqLraysFJKK8rPDUhMT1WyBnOLM_KLSpJLS5SsawEBAAD__7D1u_8kAAAA', 'https://m.avito.ru/']",seed,"['enriched', 'jobs_detailed']","{'team_size': 0, 'channels': {'email': False, 'contact_form': False, 'online_chat': False, 'messengers': False, 'support_section': True, 'kb_faq': True, '24_7': False}, 'evidence': 'site', 'evidence_url': 'https://m.avito.ru/', 'support_vacancies': 0, 'vacancy_details': '[]'}"
C0026,Дром,ДРОМ,it,НЕ_НАЙДЕН,https://hh.ru/employer/1781300,,71,False,0,2,False,0,0,"enriched, jobs_detailed, jobs_simple",Отрасль: it | Каналы поддержки: 2,[],2025-12-23T17:34:28.090739,"{'parsing_success': True, 'parsing_method': 'requests', 'data_source': 'company_site_improved', 'page_title': 'Ð\x94Ñ\x80Ð¾Ð¼ - Ñ\x86ÐµÐ½Ñ\x8b Ð½Ð° Ð¼Ð°Ñ\x88Ð¸Ð½Ñ\x8b', 'analysis_success': True}","['https://hh.ru/employer/1781300', 'https://www.drom.ru/faq/', 'https://www.drom.ru', 'https://my.drom.ru/help/VozniklaProblemanaDrome', 'https://www.drom.ru/']",seed,"['enriched', 'jobs_detailed', 'jobs_simple']","{'team_size': 0, 'channels': {'email': False, 'contact_form': False, 'online_chat': False, 'messengers': False, 'support_section': True, 'kb_faq': True, '24_7': False}, 'evidence': 'site', 'evidence_url': 'https://www.drom.ru/', 'support_vacancies': 0, 'vacancy_details': '[]', 'total_vacancies': 0}"
C0027,Юла,ЮЛА,it,НЕ_НАЙДЕН,https://help.mail.ru/legal/terms/youla/recommendation?preset.hidden_ua=YoulaWEB%20Mozilla%2F5.0%20(Linux%3B%20Android%2010%3B%20K)%20AppleWebKit%2F537.36%20(KHTML%2C%20like%20Gecko)%20Chrome%2F135.0.0.0%20Mobile%20Safari%2F537.36%20User_is_promoted%3A%200,,71,False,0,2,False,0,0,"enriched, jobs_detailed, jobs_simple",Отрасль: it | Каналы поддержки: 2,[],2025-12-23T17:34:28.091739,"{'parsing_success': True, 'parsing_method': 'selenium', 'data_source': 'company_site_improved', 'page_title': 'Юла - доска объявлений в Уфе, бесплатные частные объявления', 'analysis_success': True}","['https://help.mail.ru/legal/terms/youla/recommendation?preset.hidden_ua=YoulaWEB%20Mozilla%2F5.0%20(Linux%3B%20Android%2010%3B%20K)%20AppleWebKit%2F537.36%20(KHTML%2C%20like%20Gecko)%20Chrome%2F135.0.0.0%20Mobile%20Safari%2F537.36%20User_is_promoted%3A%200', 'https://youla.ru/', 'https://youla.ru', 'https://hh.ru/employer/4562332']",seed,"['enriched', 'jobs_detailed', 'jobs_simple']","{'team_size': 0, 'channels': {'email': False, 'contact_form': False, 'online_chat': True, 'messengers': False, 'support_section': True, 'kb_faq': False, '24_7': False}, 'evidence': 'site', 'evidence_url': 'https://youla.ru/', 'chat_vendor': 'jivo', 'support_vacancies': 0, 'vacancy_details': '[]', 'total_vacancies': 0}"
C0054,Wargaming,WARGAMING,gaming,5902290393,https://eu.wargaming.net/support/,,68,False,0,1,False,0,0,"enriched, jobs_detailed",Отрасль: gaming | Каналы поддержки: 1,[],2025-12-23T17:34:28.087741,"{'parsing_success': True, 'parsing_method': 'requests', 'data_source': 'company_site_improved', 'page_title': 'Wargaming.net games — the full list of games available for players on the official website', 'analysis_success': False}","['https://eu.wargaming.net/support/', 'https://wargaming.net', 'https://wargaming.net/en']",seed,"['enriched', 'jobs_detailed']","{'team_size': 0, 'channels': {'email': False, 'contact_form': False, 'online_chat': False, 'messengers': False, 'support_section': True, 'kb_faq': False, '24_7': False}, 'evidence': 'site', 'evidence_url': 'https://wargaming.net/en', 'support_vacancies': 0, 'vacancy_details': '[]'}"
C0024,1С,1С,it,НЕ_НАЙДЕН,https://1c.ru,,68,False,0,1,False,0,0,"enriched, jobs_detailed",Отрасль: it | Каналы поддержки: 1,[],2025-12-23T17:34:28.080740,"{'parsing_success': True, 'parsing_method': 'requests', 'data_source': 'company_site_improved', 'page_title': 'Фирма «1С»', 'analysis_success': False}","['https://1c.ru', 'https://1c.ru/', 'https://1c.ru/rus/support/predpr-service.htm']",seed,"['enriched', 'jobs_detailed']","{'team_size': 0, 'channels': {'email': False, 'contact_form': False, 'online_chat': False, 'messengers': False, 'support_section': True, 'kb_faq': False, '24_7': False}, 'evidence': 'site', 'evidence_url': 'https://1c.ru/', 'support_vacancies': 0, 'vacancy_details': '[]'}"
C0023,Рамблер,РАМБЛЕР,it,НЕ_НАЙДЕН,https://rambler.ru,,68,False,0,1,False,0,0,"enriched, jobs_detailed",Отрасль: it | Каналы поддержки: 1,[],2025-12-23T17:34:28.080740,"{'parsing_success': True, 'parsing_method': 'requests', 'data_source': 'company_site_improved', 'page_title': 'Рамблер — медийный портал: новости России и мира, почта, поиск, погода', 'analysis_success': False}","['https://rambler.ru', 'https://help.rambler.ru/legal/1430/?p=id', 'https://www.rambler.ru/']",seed,"['enriched', 'jobs_detailed']","{'team_size': 0, 'channels': {'email': False, 'contact_form': False, 'online_chat': False, 'messengers': False, 'support_section': True, 'kb_faq': False, '24_7': False}, 'evidence': 'site', 'evidence_url': 'https://www.rambler.ru/', 'support_vacancies': 0, 'vacancy_details': '[]'}"
C0018,Лента,ЛЕНТА,retail,НЕ_НАЙДЕН,https://lenta.com,,65,False,0,0,False,0,0,"enriched, jobs_detailed",Отрасль: retail,[],2025-12-23T17:34:28.079739,"{'parsing_success': True, 'parsing_method': 'selenium', 'data_source': 'company_site_improved', 'page_title': 'HTTP 403', 'analysis_success': False}","['https://lenta.com', 'https://lenta.com/']",seed,"['enriched', 'jobs_detailed']","{'team_size': 0, 'channels': {'email': False, 'contact_form': False, 'online_chat': False, 'messengers': False, 'support_section': False, 'kb_faq': False, '24_7': False}, 'evidence': 'site', 'evidence_url': 'https://lenta.com/', 'support_vacancies': 0, 'vacancy_details': '[]'}"
C0020,Пятерочка,ПЯТЕРОЧКА,retail,НЕ_НАЙДЕН,https://5ka.ru,,65,False,0,0,False,0,0,"enriched, jobs_detailed",Отрасль: retail,[],2025-12-23T17:34:28.079739,"{'parsing_success': True, 'parsing_method': 'selenium', 'data_source': 'company_site_improved', 'analysis_success': False}","['https://5ka.ru', 'https://5ka.ru/xpvnsulc/?back_location=https%3A%2F%2F5ka.ru%2F&hcheck=0ae993a8c4d1cea9cc34fa2e7289f6cc&request_datetime=2025-12-23+11%3A40%3A24+%2B0000&request_ip=31.8.33.115&request_id=OejAKjSfY4Y1&srv=6e07968ff1e0aaacb04df75f0f148035&copts_k=27a0cec2726d55f96bdd0d7579f351225b3e290d4fd2f133260dedb7d7cc22ff776cab1efeee5d9728fd226a307baf56428a7afd54d1622b1bfdc0e43a33a966&oirutpspid=1766490011702_601b6524070f73b94ba85d685f3c8368_o5h5bqa328clvch8&oirutpspsc=1766490024636_b7b515c8bca7166c387a1111f5280349_NmZoAskOTwxL4djo.SwAzW89220Q3gx5oqkoQ30iSj0Z&oirutpspjs=1766490024636_380041e0_013501f8_edeb46ee7f574b83b92b962ae8ec1edb_90EItV24qDyFUC7z2h1HaQ9evVQqnnUooS2s4ciF6Hhu%2B9v%2FVhLjOt47Ca1FgOmFnfj4%2FFWVn5KrB6brS57vEilVpFkRnP09qAUDp0%2BK5P9n8vL2X5NJLKUBoOVFCHkcU1%2B%2B%2Fss3xuoCT6PhmLU1uRFWLOFoQ2OmAIupXIYwYTBL6j8eE0Pzp7%2FbJL3ViXkgaVXQWUE%2B%2FqfaFqdrgwo9MPb542fPG8i91URyZpvPTytXRsZnTyT0uOAMbfT55WVpd87eRxqHYtkJDGldZxFyNn9ayH4Us%2BI2zn8bn6fz43d4QeQdcI19sZwFI8rSiw6yW9LHSyZNiJ%2FH0yP2zThpLZOH8iYOnvvqx8Zs5fjkBEhRmL0hWWaDn6I7epPOh%2BAaDO3oDNSBcYX9Sb%2FOVucHFm%2Fb2w%2FHeYzFnWRFnJT9GFRtBaV7BQnsoSX0A3gvus3L0CUE4Ijf%2B07XsiL2SF7%2B21RcHXdd8KGcdMhv8tqW1z2yTqhnTxUl4vkNDkhR0JFlPqtKTicSZAAJHPM5AZmppbyEogwUK1tDG1ESf%2BZqumL0wJAlrBgJvGVQJSM7v%2F%2F7VtWWYioAwSlwDB2AKaUEGkFdLHGLtBQ4gQ%2F7WrRiszcG3Vhz9ULB4PvPy8%2FnMbCUXPD1rmZPzuWtBPDckL1KFln08i6izr6Op3V0Es6eyS6F0IEAO44O%2BnMnHlNPoeAd9Ag5JJu1Mc93q1o2mpBSvyktfS7npgRBy647%2BeK3d9NJ%2BOj8VR%2B6E6vXAPrEPx0RGoa2alJfr5PLR3DU7LgofBXxgWVdPum6JCGA9eyaaD6j3I8GPYAA%2FHUpHlHNtWG5CPy8xD7lFcFJCS5oIKCKthuQiW3Fn0%2B8RHh2%2BMm%2Ffzmqx4b%2Fcz3NMZh1ZHjRnH2xxdOh9009yh62QiH0zHtIXRTgsFRMB6f7k08%2B4sq2Rnoh%2FY1yuSZF2IBMK8%2FXk2MHPuqqfkYR0bW9WSjM9JNBBIsGp%2FrDzO4wKsVW2lK%2BTrKLR9fYgMvrv4NScvbGmZu%2BEfHnYhpeHJzCttkVn7chLFWYWlIM8xNf0%2F9Mfii15Dov67tvRbIiNp9aKH3HkWO1D9irfEe%2FrzOKVyL6xh5rMjrwRduBnL2w2dQx950baD9VUqZ2SpnsvYDxd9OeTU1qA9kvdEsRZuKCTiVx2ZxlKSHfblJYsseguc04C1DE1CFLjo%2Froze3kv14ANySPxwR3JAwDNVfYP5WqtsHP2OTwBR3M9a%2FkOrfi9Jgf837ZL1GcbayWvGgjbVIKKAdkUCs18qK4Gh0alhhUauOF51tg0yKqnkiU2m1flKofWQg4bUKVnd7Sx0csohfRe3tXXwROvS3aelL%2Bz%2BmcmaAOGwc%2BFfVN5N%2F%2Buo48qbZhQ3F9p7GykoGjkfnPfer2oYOxqY9aI1tyVHw4aRtaMr%2FxxRWQ5q%2F7UrCCankqVNgraQIWGALUJIvZrq7lnrGIXTIGGg8BdaRcgpLey9HVBeCWv8tCoXJ6SRpEKGcFTh601u1oE9W%2BBrnChaV4asv6F6j5DQSu07qdUETYbCEUCfp4Zk8NRlVkCnRnm4iCjYizvMP6hZk4OAhCQm5yJUxQpbb2%2BS9F3AgZFwH96uTTzpV6hR3GwFVpXlCFGW1PBcbbk5vHadf%2B6r2ThnqtQxXENSUMenNEGeW2%2BOW5Lzlb7W4zpxfEb675EcAJKuAx2lC5EuZSl6F4KFEzQtI7oZSLfXfmUcODS670uqV5LmA3S7wyhRiGK8FocczU7TQ7Z4PccoFND8iolbF11o%2Ft4zDYPrUPmkTBh1MsYxHdyTcKp3m4s3DNf']",seed,"['enriched', 'jobs_detailed']","{'team_size': 0, 'channels': {'email': False, 'contact_form': False, 'online_chat': False, 'messengers': False, 'support_section': False, 'kb_faq': False, '24_7': False}, 'evidence': 'site', 'evidence_url': 'https://5ka.ru/xpvnsulc/?back_location=https%3A%2F%2F5ka.ru%2F&hcheck=0ae993a8c4d1cea9cc34fa2e7289f6cc&request_datetime=2025-12-23+11%3A40%3A24+%2B0000&request_ip=31.8.33.115&request_id=OejAKjSfY4Y1&srv=6e07968ff1e0aaacb04df75f0f148035&copts_k=27a0cec2726d55f96bdd0d7579f351225b3e290d4fd2f133260dedb7d7cc22ff776cab1efeee5d9728fd226a307baf56428a7afd54d1622b1bfdc0e43a33a966&oirutpspid=1766490011702_601b6524070f73b94ba85d685f3c8368_o5h5bqa328clvch8&oirutpspsc=1766490024636_b7b515c8bca7166c387a1111f5280349_NmZoAskOTwxL4djo.SwAzW89220Q3gx5oqkoQ30iSj0Z&oirutpspjs=1766490024636_380041e0_013501f8_edeb46ee7f574b83b92b962ae8ec1edb_90EItV24qDyFUC7z2h1HaQ9evVQqnnUooS2s4ciF6Hhu%2B9v%2FVhLjOt47Ca1FgOmFnfj4%2FFWVn5KrB6brS57vEilVpFkRnP09qAUDp0%2BK5P9n8vL2X5NJLKUBoOVFCHkcU1%2B%2B%2Fss3xuoCT6PhmLU1uRFWLOFoQ2OmAIupXIYwYTBL6j8eE0Pzp7%2FbJL3ViXkgaVXQWUE%2B%2FqfaFqdrgwo9MPb542fPG8i91URyZpvPTytXRsZnTyT0uOAMbfT55WVpd87eRxqHYtkJDGldZxFyNn9ayH4Us%2BI2zn8bn6fz43d4QeQdcI19sZwFI8rSiw6yW9LHSyZNiJ%2FH0yP2zThpLZOH8iYOnvvqx8Zs5fjkBEhRmL0hWWaDn6I7epPOh%2BAaDO3oDNSBcYX9Sb%2FOVucHFm%2Fb2w%2FHeYzFnWRFnJT9GFRtBaV7BQnsoSX0A3gvus3L0CUE4Ijf%2B07XsiL2SF7%2B21RcHXdd8KGcdMhv8tqW1z2yTqhnTxUl4vkNDkhR0JFlPqtKTicSZAAJHPM5AZmppbyEogwUK1tDG1ESf%2BZqumL0wJAlrBgJvGVQJSM7v%2F%2F7VtWWYioAwSlwDB2AKaUEGkFdLHGLtBQ4gQ%2F7WrRiszcG3Vhz9ULB4PvPy8%2FnMbCUXPD1rmZPzuWtBPDckL1KFln08i6izr6Op3V0Es6eyS6F0IEAO44O%2BnMnHlNPoeAd9Ag5JJu1Mc93q1o2mpBSvyktfS7npgRBy647%2BeK3d9NJ%2BOj8VR%2B6E6vXAPrEPx0RGoa2alJfr5PLR3DU7LgofBXxgWVdPum6JCGA9eyaaD6j3I8GPYAA%2FHUpHlHNtWG5CPy8xD7lFcFJCS5oIKCKthuQiW3Fn0%2B8RHh2%2BMm%2Ffzmqx4b%2Fcz3NMZh1ZHjRnH2xxdOh9009yh62QiH0zHtIXRTgsFRMB6f7k08%2B4sq2Rnoh%2FY1yuSZF2IBMK8%2FXk2MHPuqqfkYR0bW9WSjM9JNBBIsGp%2FrDzO4wKsVW2lK%2BTrKLR9fYgMvrv4NScvbGmZu%2BEfHnYhpeHJzCttkVn7chLFWYWlIM8xNf0%2F9Mfii15Dov67tvRbIiNp9aKH3HkWO1D9irfEe%2FrzOKVyL6xh5rMjrwRduBnL2w2dQx950baD9VUqZ2SpnsvYDxd9OeTU1qA9kvdEsRZuKCTiVx2ZxlKSHfblJYsseguc04C1DE1CFLjo%2Froze3kv14ANySPxwR3JAwDNVfYP5WqtsHP2OTwBR3M9a%2FkOrfi9Jgf837ZL1GcbayWvGgjbVIKKAdkUCs18qK4Gh0alhhUauOF51tg0yKqnkiU2m1flKofWQg4bUKVnd7Sx0csohfRe3tXXwROvS3aelL%2Bz%2BmcmaAOGwc%2BFfVN5N%2F%2Buo48qbZhQ3F9p7GykoGjkfnPfer2oYOxqY9aI1tyVHw4aRtaMr%2FxxRWQ5q%2F7UrCCankqVNgraQIWGALUJIvZrq7lnrGIXTIGGg8BdaRcgpLey9HVBeCWv8tCoXJ6SRpEKGcFTh601u1oE9W%2BBrnChaV4asv6F6j5DQSu07qdUETYbCEUCfp4Zk8NRlVkCnRnm4iCjYizvMP6hZk4OAhCQm5yJUxQpbb2%2BS9F3AgZFwH96uTTzpV6hR3GwFVpXlCFGW1PBcbbk5vHadf%2B6r2ThnqtQxXENSUMenNEGeW2%2BOW5Lzlb7W4zpxfEb675EcAJKuAx2lC5EuZSl6F4KFEzQtI7oZSLfXfmUcODS670uqV5LmA3S7wyhRiGK8FocczU7TQ7Z4PccoFND8iolbF11o%2Ft4zDYPrUPmkTBh1MsYxHdyTcKp3m4s3DNf', 'support_vacancies': 0, 'vacancy_details': '[]'}"
C0033,ВСК,ВСК,insurance,НЕ_НАЙДЕН,https://hh.ru/employer/1296227,,65,False,0,0,False,0,0,"enriched, jobs_detailed, jobs_simple",Отрасль: insurance,[],2025-12-23T17:34:28.092740,"{'parsing_success': True, 'parsing_method': 'requests', 'data_source': 'company_site_improved', 'page_title': 'ВСК', 'analysis_success': True}","['https://hh.ru/employer/1296227', 'https://www.vsk.ru/', 'https://www.vsk.ru']",seed,"['enriched', 'jobs_detailed', 'jobs_simple']","{'team_size': 0, 'channels': {'email': False, 'contact_form': False, 'online_chat': False, 'messengers': False, 'support_section': False, 'kb_faq': False, '24_7': False}, 'evidence': 'site', 'evidence_url': 'https://www.vsk.ru/', 'support_vacancies': 0, 'vacancy_details': '[]', 'total_vacancies': 0}"
C0050,Ситимобил,СИТИМОБИЛ,service,НЕ_НАЙДЕН,https://citimobil.ru,,65,False,0,0,False,0,0,"enriched, jobs_detailed, jobs_simple",Отрасль: service,[],2025-12-23T17:34:28.095740,"{'parsing_success': False, 'analysis_success': True, 'data_source': 'hh_api'}","['https://citimobil.ru', 'https://hh.ru/employer/8911122']",seed,"['enriched', 'jobs_detailed', 'jobs_simple']","{'team_size': 0, 'support_vacancies': 0, 'evidence': 'jobs', 'vacancy_details': '[]', 'total_vacancies': 0}"
C0051,Delivery Club,DELIVERY CLUB,service,НЕ_НАЙДЕН,https://www.deliveryclub.ru/,,65,False,0,0,False,0,0,"enriched, jobs_detailed",Отрасль: service,[],2025-12-23T17:34:28.086741,"{'parsing_success': True, 'parsing_method': 'selenium', 'data_source': 'company_site_improved', 'page_title': 'Ошибка нарушения конфиденциальности', 'analysis_success': False}","['https://www.deliveryclub.ru/', 'https://www.deliveryclub.ru']",seed,"['enriched', 'jobs_detailed']","{'team_size': 0, 'channels': {'email': False, 'contact_form': False, 'online_chat': False, 'messengers': False, 'support_section': False, 'kb_faq': False, '24_7': False}, 'evidence': 'site', 'evidence_url': 'https://www.deliveryclub.ru/', 'support_vacancies': 0, 'vacancy_details': '[]'}"
C0052,Яндекс.Еда,ЯНДЕКСЕДА,service,7736207543,https://eda.yandex.ru/Zubovo?shippingType=delivery,,65,False,0,0,False,0,0,"enriched, jobs_detailed, jobs_simple",Отрасль: service,[],2025-12-23T17:34:28.095740,"{'parsing_success': True, 'parsing_method': 'selenium', 'data_source': 'company_site_improved', 'page_title': 'Доставка еды и продуктов от 30 минут', 'analysis_success': True}","['https://eda.yandex.ru/Zubovo?shippingType=delivery', 'https://hh.ru/employer/9694561', 'https://eda.yandex.ru']",seed,"['enriched', 'jobs_detailed', 'jobs_simple']","{'team_size': 0, 'channels': {'email': False, 'contact_form': False, 'online_chat': False, 'messengers': False, 'support_section': False, 'kb_faq': False, '24_7': False}, 'evidence': 'site', 'evidence_url': 'https://eda.yandex.ru/Zubovo?shippingType=delivery', 'support_vacancies': 0, 'vacancy_details': '[]', 'total_vacancies': 0}"
C0053,СберМаркет,СБЕРМАРКЕТ,service,НЕ_НАЙДЕН,https://hh.ru/employer/11221935,,65,False,0,0,False,0,0,"enriched, jobs_detailed, jobs_simple",Отрасль: service,[],2025-12-23T17:34:28.095740,"{'parsing_success': True, 'parsing_method': 'selenium', 'data_source': 'company_site_improved', 'analysis_success': True}","['https://hh.ru/employer/11221935', 'https://kuper.ru/xpvnsulc/?back_location=https%3A%2F%2Fkuper.ru%2F&hcheck=d6c550730a160a6506f9ccb48f944dc1&request_datetime=2025-12-23+11%3A50%3A43+%2B0000&request_ip=31.8.33.115&request_id=hojANMHR14Y1&srv=042979fa8cf2ede5f6a0ef0305f7cdea&copts_k=ee8ea1618e92ad3f120518bf807126b59accb67e95397b7ac84f94e0db61a997b840376bb0c44f92cc1389eebe43e7c08006be07d82434214de163eccba0f3f2&oirutpspid=1766490642216_4ad629d4652dabd6e217cedb0d83a996_a1mkkn6br5miemrk&oirutpspsc=1766490643904_4b991dfdac8ee3ae7155888137a55828_nIV4hdxXyzuSLa4ksk9nDZdqtfBCNxeNdiLh7IKfi8IZ&oirutpspjs=1766490643904_01ed4535_013501f8_98ad39004af1bb3963357f5a31503dc3_405bCobGeoHcrXBJBWu4wlY73OHz6Kef%2Btr%2BVxHwOc04CIxEgWA1h4fGWxOe%2Fzo6xwWpQYznQSn09PhRkus%2Bp3Oi9%2B7K6i%2BI8fBVHZj5M0QxD6NLhu2bk%2F7%2B8lucdaihDazhRRRFGF9buvFXQ8LmDkujfVSxMbUdV3j%2F5l9NsI0RFWyhyD0hGuYmegcK%2BqabN6CB7JhILBCB4fXdWn%2FshaAKtNwYaR4AjLkg2ECwnJQNu5fallYqA7%2F%2FM04gkLTcLTmN8MHxsGxRWT%2FnsGKljSmnmcPNzTCJlYBJIX6OMsomsrumr%2F%2BjBMXwcXwJ%2FN0FASeW%2Fv8%2FXiSQIHVMFEW4kMl4oZnV4ClXnjsyXyeX2%2FMPbeyUgBBRKPnMKCUX8jGvWh6%2FtwPzpziktO1wjZjUqTUmirIeC1J%2BwpcbJk2IyeE38vbM3n8%2BFHwBVcQ4%2BRpwhthVXVGhKfGMTXBIkSMvZgqvQsyCgn8pLT09RAHhBIrou%2FnSlmfzWa7%2BWPKIrUDYZFQZ8fxstr1Q4a2D3up2HuJx87nNXYn0QKZAyT8fa9eiM8eee2rfATytd53gwCxEDCjH3%2FNyH5Iv%2F0M68NDVrxuqf8ZQwsaN2PL8oUMRZIxQIAnIy%2BwTX6AwmXE%2BTGEpAgOqFbk9EFD08aJqS8qZoQMBo5t7vGg18IYiqBfjGJPfL9K%2F4PDcRyraQOmQ0j%2Bmqv1okULD43gsXAiAQ%2BWDCn%2FeKpUw1NL8klNpRznIpGwTBblBjG1kqPQkXkAdSsykQHHl3YkpfSaSsiZuO8v%2Fx0MM0NiEQDsFf97SSzXnuYP9L9C94vLeSSzcTOcWwrIOUgntceeXw3oe%2BnjS%2Bd1bC0Fv2tIe4Z0BHYUoQhbMoIL0MtdKqksfhsOCNs4I6awEkyD2TJpPHKPvv3NKFrSb4k4d4emVdXlAzLxgWBPDl897Ct7FYlCXbdm5fXUA4LS8aBf7w59vAwrmpnpyLe6QudX1%2BEEcvjCFczAEbInJnQXRsoZtWbk9BNShJEwf5EoDSw603cEgziGbS4evQMT%2BlwttC%2BfVhcHoiAgeyWHANY95GOzUksD0i8anesMc7rAKVSX6wZ7NcYjVpHxAH2u6h2AHBmxa6m8FgCFnTUpov4QDr%2FfLk%2Bc%2BAtsOJW1HMJzXXSpwz5RjuFfbu3fHAuu2nnsijeezcZQoz57qVup55T1AYK3kCIgVXvPUWWY7vRD7dvWxWe38fYudfYmx5hZCeqEzUFw5mLYDvqLzCpzm2I%2Feb1DfU3PfR%2BqaZ05BNLCpzfzp4QNDVoM5SHDFYTC6guxlq8OYC3GC1lVxwpxNAQjUJXkQnGQz9dOhep8Oxn6XchPV3ojAbRRQgVUIYRFN9Zl89lxwVNgDWduHv2Ii6hH57%2Bsj56dlDF7ciLBnJ%2BdPXE%2BqAiZ21gjFREmgHOw3vSCznoSr6ydOg4Z8BkyNKbEBIHP5zE2YUvdT50%2Bb7z%2BHUyz3%2BJMjaZBMbHd9Y3PexGuq5o7DRj5I%2FTwZEDBwlkssf9lzBiMweo6MCIa%2FisXdc5BtgZZqMYjRrXFBDs6221IwdPnI%2BLyFQSEVSC%2FaLgN3Q8ePzi4vUKm8ECh18PgKjj5RSYV1KRDMvGBctNM1nnoqds6aaTaM1kDGdYFq2aEYdtrDF2c7AdYndd0kXUAHyKwYUTzMuA3dzE7fW%2BH%2FhHLoldLZVn07kJ80ddf1PoB%2FTnL7lle6En3%2Fc0sW4qyOfB7wN4bDl47bqn%2FGE%2BG3DV8IXBqa2EBKi3u4xzhivR4DKKJfgDXSTQSicERd7%2BknVAPxDOVnYxwb%2FcvYBW9zfzJpA%3D', 'https://sbermarket.ru']",seed,"['enriched', 'jobs_detailed', 'jobs_simple']","{'team_size': 0, 'channels': {'email': False, 'contact_form': False, 'online_chat': False, 'messengers': False, 'support_section': False, 'kb_faq': False, '24_7': False}, 'evidence': 'site', 'evidence_url': 'https://kuper.ru/xpvnsulc/?back_location=https%3A%2F%2Fkuper.ru%2F&hcheck=d6c550730a160a6506f9ccb48f944dc1&request_datetime=2025-12-23+11%3A50%3A43+%2B0000&request_ip=31.8.33.115&request_id=hojANMHR14Y1&srv=042979fa8cf2ede5f6a0ef0305f7cdea&copts_k=ee8ea1618e92ad3f120518bf807126b59accb67e95397b7ac84f94e0db61a997b840376bb0c44f92cc1389eebe43e7c08006be07d82434214de163eccba0f3f2&oirutpspid=1766490642216_4ad629d4652dabd6e217cedb0d83a996_a1mkkn6br5miemrk&oirutpspsc=1766490643904_4b991dfdac8ee3ae7155888137a55828_nIV4hdxXyzuSLa4ksk9nDZdqtfBCNxeNdiLh7IKfi8IZ&oirutpspjs=1766490643904_01ed4535_013501f8_98ad39004af1bb3963357f5a31503dc3_405bCobGeoHcrXBJBWu4wlY73OHz6Kef%2Btr%2BVxHwOc04CIxEgWA1h4fGWxOe%2Fzo6xwWpQYznQSn09PhRkus%2Bp3Oi9%2B7K6i%2BI8fBVHZj5M0QxD6NLhu2bk%2F7%2B8lucdaihDazhRRRFGF9buvFXQ8LmDkujfVSxMbUdV3j%2F5l9NsI0RFWyhyD0hGuYmegcK%2BqabN6CB7JhILBCB4fXdWn%2FshaAKtNwYaR4AjLkg2ECwnJQNu5fallYqA7%2F%2FM04gkLTcLTmN8MHxsGxRWT%2FnsGKljSmnmcPNzTCJlYBJIX6OMsomsrumr%2F%2BjBMXwcXwJ%2FN0FASeW%2Fv8%2FXiSQIHVMFEW4kMl4oZnV4ClXnjsyXyeX2%2FMPbeyUgBBRKPnMKCUX8jGvWh6%2FtwPzpziktO1wjZjUqTUmirIeC1J%2BwpcbJk2IyeE38vbM3n8%2BFHwBVcQ4%2BRpwhthVXVGhKfGMTXBIkSMvZgqvQsyCgn8pLT09RAHhBIrou%2FnSlmfzWa7%2BWPKIrUDYZFQZ8fxstr1Q4a2D3up2HuJx87nNXYn0QKZAyT8fa9eiM8eee2rfATytd53gwCxEDCjH3%2FNyH5Iv%2F0M68NDVrxuqf8ZQwsaN2PL8oUMRZIxQIAnIy%2BwTX6AwmXE%2BTGEpAgOqFbk9EFD08aJqS8qZoQMBo5t7vGg18IYiqBfjGJPfL9K%2F4PDcRyraQOmQ0j%2Bmqv1okULD43gsXAiAQ%2BWDCn%2FeKpUw1NL8klNpRznIpGwTBblBjG1kqPQkXkAdSsykQHHl3YkpfSaSsiZuO8v%2Fx0MM0NiEQDsFf97SSzXnuYP9L9C94vLeSSzcTOcWwrIOUgntceeXw3oe%2BnjS%2Bd1bC0Fv2tIe4Z0BHYUoQhbMoIL0MtdKqksfhsOCNs4I6awEkyD2TJpPHKPvv3NKFrSb4k4d4emVdXlAzLxgWBPDl897Ct7FYlCXbdm5fXUA4LS8aBf7w59vAwrmpnpyLe6QudX1%2BEEcvjCFczAEbInJnQXRsoZtWbk9BNShJEwf5EoDSw603cEgziGbS4evQMT%2BlwttC%2BfVhcHoiAgeyWHANY95GOzUksD0i8anesMc7rAKVSX6wZ7NcYjVpHxAH2u6h2AHBmxa6m8FgCFnTUpov4QDr%2FfLk%2Bc%2BAtsOJW1HMJzXXSpwz5RjuFfbu3fHAuu2nnsijeezcZQoz57qVup55T1AYK3kCIgVXvPUWWY7vRD7dvWxWe38fYudfYmx5hZCeqEzUFw5mLYDvqLzCpzm2I%2Feb1DfU3PfR%2BqaZ05BNLCpzfzp4QNDVoM5SHDFYTC6guxlq8OYC3GC1lVxwpxNAQjUJXkQnGQz9dOhep8Oxn6XchPV3ojAbRRQgVUIYRFN9Zl89lxwVNgDWduHv2Ii6hH57%2Bsj56dlDF7ciLBnJ%2BdPXE%2BqAiZ21gjFREmgHOw3vSCznoSr6ydOg4Z8BkyNKbEBIHP5zE2YUvdT50%2Bb7z%2BHUyz3%2BJMjaZBMbHd9Y3PexGuq5o7DRj5I%2FTwZEDBwlkssf9lzBiMweo6MCIa%2FisXdc5BtgZZqMYjRrXFBDs6221IwdPnI%2BLyFQSEVSC%2FaLgN3Q8ePzi4vUKm8ECh18PgKjj5RSYV1KRDMvGBctNM1nnoqds6aaTaM1kDGdYFq2aEYdtrDF2c7AdYndd0kXUAHyKwYUTzMuA3dzE7fW%2BH%2FhHLoldLZVn07kJ80ddf1PoB%2FTnL7lle6En3%2Fc0sW4qyOfB7wN4bDl47bqn%2FGE%2BG3DV8IXBqa2EBKi3u4xzhivR4DKKJfgDXSTQSicERd7%2BknVAPxDOVnYxwb%2FcvYBW9zfzJpA%3D', 'support_vacancies': 0, 'vacancy_details': '[]', 'total_vacancies': 0}"
C0055,Мирапринт,МИРАПРИНТ,service,НЕ_НАЙДЕН,https://myprint.ru/,,65,False,0,0,False,0,0,"enriched, jobs_detailed",Отрасль: service,[],2025-12-23T17:34:28.087741,"{'parsing_success': True, 'parsing_method': 'requests', 'data_source': 'company_site_improved', 'analysis_success': False}","['https://myprint.ru/', 'https://myprint.ru']",seed,"['enriched', 'jobs_detailed']","{'team_size': 0, 'channels': {'email': False, 'contact_form': False, 'online_chat': False, 'messengers': False, 'support_section': False, 'kb_faq': False, '24_7': False}, 'evidence': 'site', 'evidence_url': 'https://myprint.ru/', 'support_vacancies': 0, 'vacancy_details': '[]'}"
